"","Civil.Service.grad","gradeval","Group","Date","count","total","share","gradescore","sorter","totalgroup","share2","left","grp","yvar"
"1","AO/AA",1,"DfID",2010,160,1620,0.0987654320987654,0.0987654320987654,0.654320987654321,FALSE,-0.0493827160493827,FALSE,"FALSE2010",-0.0493827160493827
"2","EO",2,"DfID",2010,200,1620,0.123456790123457,0.246913580246914,0.654320987654321,FALSE,-0.0617283950617284,FALSE,"FALSE2010",-0.0617283950617284
"3","G6/G7",4,"DfID",2010,730,1620,0.450617283950617,1.80246913580247,0.654320987654321,FALSE,-0.225308641975309,FALSE,"FALSE2010",-0.225308641975309
"4","SCS",5,"DfID",2010,100,1620,0.0617283950617284,0.308641975308642,0.654320987654321,FALSE,-0.0308641975308642,FALSE,"FALSE2010",-0.0308641975308642
"5","SEO/HEO",3,"DfID",2010,440,1620,0.271604938271605,0.814814814814815,0.654320987654321,FALSE,-0.135802469135802,FALSE,"FALSE2010",-0.135802469135802
"6","AO/AA",1,"DfID",2013,100,1810,0.0552486187845304,0.0552486187845304,0.679558011049724,FALSE,-0.0276243093922652,FALSE,"FALSE2013",-0.0276243093922652
"7","EO",2,"DfID",2013,190,1810,0.104972375690608,0.209944751381215,0.679558011049724,FALSE,-0.0524861878453039,FALSE,"FALSE2013",-0.0524861878453039
"8","G6/G7",4,"DfID",2013,950,1810,0.524861878453039,2.09944751381215,0.679558011049724,FALSE,-0.262430939226519,FALSE,"FALSE2013",-0.262430939226519
"9","SCS",5,"DfID",2013,80,1810,0.0441988950276243,0.220994475138122,0.679558011049724,FALSE,-0.0220994475138122,FALSE,"FALSE2013",-0.0220994475138122
"10","SEO/HEO",3,"DfID",2013,490,1810,0.270718232044199,0.812154696132597,0.679558011049724,FALSE,-0.135359116022099,FALSE,"FALSE2013",-0.135359116022099
"11","AO/AA",1,"DfID",2010,160,1620,0.0987654320987654,0.0987654320987654,0.654320987654321,FALSE,0.0493827160493827,TRUE,"TRUE2010",0.0493827160493827
"12","EO",2,"DfID",2010,200,1620,0.123456790123457,0.246913580246914,0.654320987654321,FALSE,0.0617283950617284,TRUE,"TRUE2010",0.0617283950617284
"13","G6/G7",4,"DfID",2010,730,1620,0.450617283950617,1.80246913580247,0.654320987654321,FALSE,0.225308641975309,TRUE,"TRUE2010",0.225308641975309
"14","SCS",5,"DfID",2010,100,1620,0.0617283950617284,0.308641975308642,0.654320987654321,FALSE,0.0308641975308642,TRUE,"TRUE2010",0.0308641975308642
"15","SEO/HEO",3,"DfID",2010,440,1620,0.271604938271605,0.814814814814815,0.654320987654321,FALSE,0.135802469135802,TRUE,"TRUE2010",0.135802469135802
"16","AO/AA",1,"DfID",2013,100,1810,0.0552486187845304,0.0552486187845304,0.679558011049724,FALSE,0.0276243093922652,TRUE,"TRUE2013",0.0276243093922652
"17","EO",2,"DfID",2013,190,1810,0.104972375690608,0.209944751381215,0.679558011049724,FALSE,0.0524861878453039,TRUE,"TRUE2013",0.0524861878453039
"18","G6/G7",4,"DfID",2013,950,1810,0.524861878453039,2.09944751381215,0.679558011049724,FALSE,0.262430939226519,TRUE,"TRUE2013",0.262430939226519
"19","SCS",5,"DfID",2013,80,1810,0.0441988950276243,0.220994475138122,0.679558011049724,FALSE,0.0220994475138122,TRUE,"TRUE2013",0.0220994475138122
"20","SEO/HEO",3,"DfID",2013,490,1810,0.270718232044199,0.812154696132597,0.679558011049724,FALSE,0.135359116022099,TRUE,"TRUE2013",0.135359116022099
"21","AO/AA",1,"DECC",2010,70,1050,0.0666666666666667,0.0666666666666667,0.659047619047619,FALSE,-0.0333333333333333,FALSE,"FALSE2010",-0.0333333333333333
"22","EO",2,"DECC",2010,110,1050,0.104761904761905,0.20952380952381,0.659047619047619,FALSE,-0.0523809523809524,FALSE,"FALSE2010",-0.0523809523809524
"23","G6/G7",4,"DECC",2010,400,1050,0.380952380952381,1.52380952380952,0.659047619047619,FALSE,-0.19047619047619,FALSE,"FALSE2010",-0.19047619047619
"24","SCS",5,"DECC",2010,80,1050,0.0761904761904762,0.380952380952381,0.659047619047619,FALSE,-0.0380952380952381,FALSE,"FALSE2010",-0.0380952380952381
"25","SEO/HEO",3,"DECC",2010,390,1050,0.371428571428571,1.11428571428571,0.659047619047619,FALSE,-0.185714285714286,FALSE,"FALSE2010",-0.185714285714286
"26","AO/AA",1,"DECC",2013,80,1460,0.0547945205479452,0.0547945205479452,0.667123287671233,FALSE,-0.0273972602739726,FALSE,"FALSE2013",-0.0273972602739726
"27","EO",2,"DECC",2013,140,1460,0.0958904109589041,0.191780821917808,0.667123287671233,FALSE,-0.0479452054794521,FALSE,"FALSE2013",-0.0479452054794521
"28","G6/G7",4,"DECC",2013,610,1460,0.417808219178082,1.67123287671233,0.667123287671233,FALSE,-0.208904109589041,FALSE,"FALSE2013",-0.208904109589041
"29","SCS",5,"DECC",2013,90,1460,0.0616438356164384,0.308219178082192,0.667123287671233,FALSE,-0.0308219178082192,FALSE,"FALSE2013",-0.0308219178082192
"30","SEO/HEO",3,"DECC",2013,540,1460,0.36986301369863,1.10958904109589,0.667123287671233,FALSE,-0.184931506849315,FALSE,"FALSE2013",-0.184931506849315
"31","AO/AA",1,"DECC",2010,70,1050,0.0666666666666667,0.0666666666666667,0.659047619047619,FALSE,0.0333333333333333,TRUE,"TRUE2010",0.0333333333333333
"32","EO",2,"DECC",2010,110,1050,0.104761904761905,0.20952380952381,0.659047619047619,FALSE,0.0523809523809524,TRUE,"TRUE2010",0.0523809523809524
"33","G6/G7",4,"DECC",2010,400,1050,0.380952380952381,1.52380952380952,0.659047619047619,FALSE,0.19047619047619,TRUE,"TRUE2010",0.19047619047619
"34","SCS",5,"DECC",2010,80,1050,0.0761904761904762,0.380952380952381,0.659047619047619,FALSE,0.0380952380952381,TRUE,"TRUE2010",0.0380952380952381
"35","SEO/HEO",3,"DECC",2010,390,1050,0.371428571428571,1.11428571428571,0.659047619047619,FALSE,0.185714285714286,TRUE,"TRUE2010",0.185714285714286
"36","AO/AA",1,"DECC",2013,80,1460,0.0547945205479452,0.0547945205479452,0.667123287671233,FALSE,0.0273972602739726,TRUE,"TRUE2013",0.0273972602739726
"37","EO",2,"DECC",2013,140,1460,0.0958904109589041,0.191780821917808,0.667123287671233,FALSE,0.0479452054794521,TRUE,"TRUE2013",0.0479452054794521
"38","G6/G7",4,"DECC",2013,610,1460,0.417808219178082,1.67123287671233,0.667123287671233,FALSE,0.208904109589041,TRUE,"TRUE2013",0.208904109589041
"39","SCS",5,"DECC",2013,90,1460,0.0616438356164384,0.308219178082192,0.667123287671233,FALSE,0.0308219178082192,TRUE,"TRUE2013",0.0308219178082192
"40","SEO/HEO",3,"DECC",2013,540,1460,0.36986301369863,1.10958904109589,0.667123287671233,FALSE,0.184931506849315,TRUE,"TRUE2013",0.184931506849315
"41","AO/AA",1,"DCMS",2010,80,860,0.0930232558139535,0.0930232558139535,0.616279069767442,FALSE,-0.0465116279069767,FALSE,"FALSE2010",-0.0465116279069767
"42","EO",2,"DCMS",2010,180,860,0.209302325581395,0.418604651162791,0.616279069767442,FALSE,-0.104651162790698,FALSE,"FALSE2010",-0.104651162790698
"43","G6/G7",4,"DCMS",2010,240,860,0.27906976744186,1.11627906976744,0.616279069767442,FALSE,-0.13953488372093,FALSE,"FALSE2010",-0.13953488372093
"44","SCS",5,"DCMS",2010,70,860,0.0813953488372093,0.406976744186047,0.616279069767442,FALSE,-0.0406976744186047,FALSE,"FALSE2010",-0.0406976744186047
"45","SEO/HEO",3,"DCMS",2010,300,860,0.348837209302326,1.04651162790698,0.616279069767442,FALSE,-0.174418604651163,FALSE,"FALSE2010",-0.174418604651163
"46","AO/AA",1,"DCMS",2013,50,510,0.0980392156862745,0.0980392156862745,0.627450980392157,FALSE,-0.0490196078431373,FALSE,"FALSE2013",-0.0490196078431373
"47","EO",2,"DCMS",2013,100,510,0.196078431372549,0.392156862745098,0.627450980392157,FALSE,-0.0980392156862745,FALSE,"FALSE2013",-0.0980392156862745
"48","G6/G7",4,"DCMS",2013,160,510,0.313725490196078,1.25490196078431,0.627450980392157,FALSE,-0.156862745098039,FALSE,"FALSE2013",-0.156862745098039
"49","SCS",5,"DCMS",2013,40,510,0.0784313725490196,0.392156862745098,0.627450980392157,FALSE,-0.0392156862745098,FALSE,"FALSE2013",-0.0392156862745098
"50","SEO/HEO",3,"DCMS",2013,170,510,0.333333333333333,1,0.627450980392157,FALSE,-0.166666666666667,FALSE,"FALSE2013",-0.166666666666667
"51","AO/AA",1,"DCMS",2010,80,860,0.0930232558139535,0.0930232558139535,0.616279069767442,FALSE,0.0465116279069767,TRUE,"TRUE2010",0.0465116279069767
"52","EO",2,"DCMS",2010,180,860,0.209302325581395,0.418604651162791,0.616279069767442,FALSE,0.104651162790698,TRUE,"TRUE2010",0.104651162790698
"53","G6/G7",4,"DCMS",2010,240,860,0.27906976744186,1.11627906976744,0.616279069767442,FALSE,0.13953488372093,TRUE,"TRUE2010",0.13953488372093
"54","SCS",5,"DCMS",2010,70,860,0.0813953488372093,0.406976744186047,0.616279069767442,FALSE,0.0406976744186047,TRUE,"TRUE2010",0.0406976744186047
"55","SEO/HEO",3,"DCMS",2010,300,860,0.348837209302326,1.04651162790698,0.616279069767442,FALSE,0.174418604651163,TRUE,"TRUE2010",0.174418604651163
"56","AO/AA",1,"DCMS",2013,50,510,0.0980392156862745,0.0980392156862745,0.627450980392157,FALSE,0.0490196078431373,TRUE,"TRUE2013",0.0490196078431373
"57","EO",2,"DCMS",2013,100,510,0.196078431372549,0.392156862745098,0.627450980392157,FALSE,0.0980392156862745,TRUE,"TRUE2013",0.0980392156862745
"58","G6/G7",4,"DCMS",2013,160,510,0.313725490196078,1.25490196078431,0.627450980392157,FALSE,0.156862745098039,TRUE,"TRUE2013",0.156862745098039
"59","SCS",5,"DCMS",2013,40,510,0.0784313725490196,0.392156862745098,0.627450980392157,FALSE,0.0392156862745098,TRUE,"TRUE2013",0.0392156862745098
"60","SEO/HEO",3,"DCMS",2013,170,510,0.333333333333333,1,0.627450980392157,FALSE,0.166666666666667,TRUE,"TRUE2013",0.166666666666667
"61","AO/AA",1,"CO",2010,390,3280,0.11890243902439,0.11890243902439,0.590853658536585,FALSE,-0.0594512195121951,FALSE,"FALSE2010",-0.0594512195121951
"62","EO",2,"CO",2010,600,3280,0.182926829268293,0.365853658536585,0.590853658536585,FALSE,-0.0914634146341463,FALSE,"FALSE2010",-0.0914634146341463
"63","G6/G7",4,"CO",2010,740,3280,0.225609756097561,0.902439024390244,0.590853658536585,FALSE,-0.11280487804878,FALSE,"FALSE2010",-0.11280487804878
"64","SCS",5,"CO",2010,260,3280,0.0792682926829268,0.396341463414634,0.590853658536585,FALSE,-0.0396341463414634,FALSE,"FALSE2010",-0.0396341463414634
"65","SEO/HEO",3,"CO",2010,1280,3280,0.390243902439024,1.17073170731707,0.590853658536585,FALSE,-0.195121951219512,FALSE,"FALSE2010",-0.195121951219512
"66","AO/AA",1,"CO",2013,250,2660,0.093984962406015,0.093984962406015,0.632330827067669,FALSE,-0.0469924812030075,FALSE,"FALSE2013",-0.0469924812030075
"67","EO",2,"CO",2013,450,2660,0.169172932330827,0.338345864661654,0.632330827067669,FALSE,-0.0845864661654135,FALSE,"FALSE2013",-0.0845864661654135
"68","G6/G7",4,"CO",2013,790,2660,0.296992481203008,1.18796992481203,0.632330827067669,FALSE,-0.148496240601504,FALSE,"FALSE2013",-0.148496240601504
"69","SCS",5,"CO",2013,250,2660,0.093984962406015,0.469924812030075,0.632330827067669,FALSE,-0.0469924812030075,FALSE,"FALSE2013",-0.0469924812030075
"70","SEO/HEO",3,"CO",2013,950,2660,0.357142857142857,1.07142857142857,0.632330827067669,FALSE,-0.178571428571429,FALSE,"FALSE2013",-0.178571428571429
"71","AO/AA",1,"CO",2010,390,3280,0.11890243902439,0.11890243902439,0.590853658536585,FALSE,0.0594512195121951,TRUE,"TRUE2010",0.0594512195121951
"72","EO",2,"CO",2010,600,3280,0.182926829268293,0.365853658536585,0.590853658536585,FALSE,0.0914634146341463,TRUE,"TRUE2010",0.0914634146341463
"73","G6/G7",4,"CO",2010,740,3280,0.225609756097561,0.902439024390244,0.590853658536585,FALSE,0.11280487804878,TRUE,"TRUE2010",0.11280487804878
"74","SCS",5,"CO",2010,260,3280,0.0792682926829268,0.396341463414634,0.590853658536585,FALSE,0.0396341463414634,TRUE,"TRUE2010",0.0396341463414634
"75","SEO/HEO",3,"CO",2010,1280,3280,0.390243902439024,1.17073170731707,0.590853658536585,FALSE,0.195121951219512,TRUE,"TRUE2010",0.195121951219512
"76","AO/AA",1,"CO",2013,250,2660,0.093984962406015,0.093984962406015,0.632330827067669,FALSE,0.0469924812030075,TRUE,"TRUE2013",0.0469924812030075
"77","EO",2,"CO",2013,450,2660,0.169172932330827,0.338345864661654,0.632330827067669,FALSE,0.0845864661654135,TRUE,"TRUE2013",0.0845864661654135
"78","G6/G7",4,"CO",2013,790,2660,0.296992481203008,1.18796992481203,0.632330827067669,FALSE,0.148496240601504,TRUE,"TRUE2013",0.148496240601504
"79","SCS",5,"CO",2013,250,2660,0.093984962406015,0.469924812030075,0.632330827067669,FALSE,0.0469924812030075,TRUE,"TRUE2013",0.0469924812030075
"80","SEO/HEO",3,"CO",2013,950,2660,0.357142857142857,1.07142857142857,0.632330827067669,FALSE,0.178571428571429,TRUE,"TRUE2013",0.178571428571429
"81","AO/AA",1,"DfE",2010,620,5250,0.118095238095238,0.118095238095238,0.592,FALSE,-0.0590476190476191,FALSE,"FALSE2010",-0.0590476190476191
"82","EO",2,"DfE",2010,740,5250,0.140952380952381,0.281904761904762,0.592,FALSE,-0.0704761904761905,FALSE,"FALSE2010",-0.0704761904761905
"83","G6/G7",4,"DfE",2010,1330,5250,0.253333333333333,1.01333333333333,0.592,FALSE,-0.126666666666667,FALSE,"FALSE2010",-0.126666666666667
"84","SCS",5,"DfE",2010,190,5250,0.0361904761904762,0.180952380952381,0.592,FALSE,-0.0180952380952381,FALSE,"FALSE2010",-0.0180952380952381
"85","SEO/HEO",3,"DfE",2010,2390,5250,0.455238095238095,1.36571428571429,0.592,FALSE,-0.227619047619048,FALSE,"FALSE2010",-0.227619047619048
"86","AO/AA",1,"DfE",2013,730,9330,0.0782422293676313,0.0782422293676313,0.616720257234727,FALSE,-0.0391211146838156,FALSE,"FALSE2013",-0.0391211146838156
"87","EO",2,"DfE",2013,1510,9330,0.161843515541265,0.323687031082529,0.616720257234727,FALSE,-0.0809217577706324,FALSE,"FALSE2013",-0.0809217577706324
"88","G6/G7",4,"DfE",2013,2900,9330,0.310825294748124,1.2433011789925,0.616720257234727,FALSE,-0.155412647374062,FALSE,"FALSE2013",-0.155412647374062
"89","SCS",5,"DfE",2013,380,9330,0.0407288317256163,0.203644158628081,0.616720257234727,FALSE,-0.0203644158628081,FALSE,"FALSE2013",-0.0203644158628081
"90","SEO/HEO",3,"DfE",2013,3840,9330,0.411575562700965,1.23472668810289,0.616720257234727,FALSE,-0.205787781350482,FALSE,"FALSE2013",-0.205787781350482
"91","AO/AA",1,"DfE",2010,620,5250,0.118095238095238,0.118095238095238,0.592,FALSE,0.0590476190476191,TRUE,"TRUE2010",0.0590476190476191
"92","EO",2,"DfE",2010,740,5250,0.140952380952381,0.281904761904762,0.592,FALSE,0.0704761904761905,TRUE,"TRUE2010",0.0704761904761905
"93","G6/G7",4,"DfE",2010,1330,5250,0.253333333333333,1.01333333333333,0.592,FALSE,0.126666666666667,TRUE,"TRUE2010",0.126666666666667
"94","SCS",5,"DfE",2010,190,5250,0.0361904761904762,0.180952380952381,0.592,FALSE,0.0180952380952381,TRUE,"TRUE2010",0.0180952380952381
"95","SEO/HEO",3,"DfE",2010,2390,5250,0.455238095238095,1.36571428571429,0.592,FALSE,0.227619047619048,TRUE,"TRUE2010",0.227619047619048
"96","AO/AA",1,"DfE",2013,730,9330,0.0782422293676313,0.0782422293676313,0.616720257234727,FALSE,0.0391211146838156,TRUE,"TRUE2013",0.0391211146838156
"97","EO",2,"DfE",2013,1510,9330,0.161843515541265,0.323687031082529,0.616720257234727,FALSE,0.0809217577706324,TRUE,"TRUE2013",0.0809217577706324
"98","G6/G7",4,"DfE",2013,2900,9330,0.310825294748124,1.2433011789925,0.616720257234727,FALSE,0.155412647374062,TRUE,"TRUE2013",0.155412647374062
"99","SCS",5,"DfE",2013,380,9330,0.0407288317256163,0.203644158628081,0.616720257234727,FALSE,0.0203644158628081,TRUE,"TRUE2013",0.0203644158628081
"100","SEO/HEO",3,"DfE",2013,3840,9330,0.411575562700965,1.23472668810289,0.616720257234727,FALSE,0.205787781350482,TRUE,"TRUE2013",0.205787781350482
"101","AO/AA",1,"DH",2010,500,5590,0.0894454382826476,0.0894454382826476,0.589624329159213,FALSE,-0.0447227191413238,FALSE,"FALSE2010",-0.0447227191413238
"102","EO",2,"DH",2010,1560,5590,0.27906976744186,0.558139534883721,0.589624329159213,FALSE,-0.13953488372093,FALSE,"FALSE2010",-0.13953488372093
"103","G6/G7",4,"DH",2010,1330,5590,0.237924865831843,0.95169946332737,0.589624329159213,FALSE,-0.118962432915921,FALSE,"FALSE2010",-0.118962432915921
"104","SCS",5,"DH",2010,440,5590,0.0787119856887299,0.393559928443649,0.589624329159213,FALSE,-0.0393559928443649,FALSE,"FALSE2010",-0.0393559928443649
"105","SEO/HEO",3,"DH",2010,1780,5590,0.318425760286225,0.955277280858676,0.589624329159213,FALSE,-0.159212880143113,FALSE,"FALSE2010",-0.159212880143113
"106","AO/AA",1,"DH",2013,230,4510,0.0509977827050998,0.0509977827050998,0.609312638580931,FALSE,-0.0254988913525499,FALSE,"FALSE2013",-0.0254988913525499
"107","EO",2,"DH",2013,1250,4510,0.277161862527716,0.554323725055432,0.609312638580931,FALSE,-0.138580931263858,FALSE,"FALSE2013",-0.138580931263858
"108","G6/G7",4,"DH",2013,1170,4510,0.259423503325942,1.03769401330377,0.609312638580931,FALSE,-0.129711751662971,FALSE,"FALSE2013",-0.129711751662971
"109","SCS",5,"DH",2013,360,4510,0.0798226164079823,0.399113082039911,0.609312638580931,FALSE,-0.0399113082039911,FALSE,"FALSE2013",-0.0399113082039911
"110","SEO/HEO",3,"DH",2013,1510,4510,0.334811529933481,1.00443458980044,0.609312638580931,FALSE,-0.167405764966741,FALSE,"FALSE2013",-0.167405764966741
"111","AO/AA",1,"DH",2010,500,5590,0.0894454382826476,0.0894454382826476,0.589624329159213,FALSE,0.0447227191413238,TRUE,"TRUE2010",0.0447227191413238
"112","EO",2,"DH",2010,1560,5590,0.27906976744186,0.558139534883721,0.589624329159213,FALSE,0.13953488372093,TRUE,"TRUE2010",0.13953488372093
"113","G6/G7",4,"DH",2010,1330,5590,0.237924865831843,0.95169946332737,0.589624329159213,FALSE,0.118962432915921,TRUE,"TRUE2010",0.118962432915921
"114","SCS",5,"DH",2010,440,5590,0.0787119856887299,0.393559928443649,0.589624329159213,FALSE,0.0393559928443649,TRUE,"TRUE2010",0.0393559928443649
"115","SEO/HEO",3,"DH",2010,1780,5590,0.318425760286225,0.955277280858676,0.589624329159213,FALSE,0.159212880143113,TRUE,"TRUE2010",0.159212880143113
"116","AO/AA",1,"DH",2013,230,4510,0.0509977827050998,0.0509977827050998,0.609312638580931,FALSE,0.0254988913525499,TRUE,"TRUE2013",0.0254988913525499
"117","EO",2,"DH",2013,1250,4510,0.277161862527716,0.554323725055432,0.609312638580931,FALSE,0.138580931263858,TRUE,"TRUE2013",0.138580931263858
"118","G6/G7",4,"DH",2013,1170,4510,0.259423503325942,1.03769401330377,0.609312638580931,FALSE,0.129711751662971,TRUE,"TRUE2013",0.129711751662971
"119","SCS",5,"DH",2013,360,4510,0.0798226164079823,0.399113082039911,0.609312638580931,FALSE,0.0399113082039911,TRUE,"TRUE2013",0.0399113082039911
"120","SEO/HEO",3,"DH",2013,1510,4510,0.334811529933481,1.00443458980044,0.609312638580931,FALSE,0.167405764966741,TRUE,"TRUE2013",0.167405764966741
"121","AO/AA",1,"DCLG",2010,710,4930,0.144016227180527,0.144016227180527,0.550912778904665,FALSE,-0.0720081135902637,FALSE,"FALSE2010",-0.0720081135902637
"122","EO",2,"DCLG",2010,1230,4930,0.249492900608519,0.498985801217039,0.550912778904665,FALSE,-0.12474645030426,FALSE,"FALSE2010",-0.12474645030426
"123","G6/G7",4,"DCLG",2010,1160,4930,0.235294117647059,0.941176470588235,0.550912778904665,FALSE,-0.117647058823529,FALSE,"FALSE2010",-0.117647058823529
"124","SCS",5,"DCLG",2010,140,4930,0.0283975659229209,0.141987829614604,0.550912778904665,FALSE,-0.0141987829614604,FALSE,"FALSE2010",-0.0141987829614604
"125","SEO/HEO",3,"DCLG",2010,1690,4930,0.342799188640974,1.02839756592292,0.550912778904665,FALSE,-0.171399594320487,FALSE,"FALSE2010",-0.171399594320487
"126","AO/AA",1,"DCLG",2013,330,2500,0.132,0.132,0.6048,FALSE,-0.066,FALSE,"FALSE2013",-0.066
"127","EO",2,"DCLG",2013,380,2500,0.152,0.304,0.6048,FALSE,-0.076,FALSE,"FALSE2013",-0.076
"128","G6/G7",4,"DCLG",2013,840,2500,0.336,1.344,0.6048,FALSE,-0.168,FALSE,"FALSE2013",-0.168
"129","SCS",5,"DCLG",2013,100,2500,0.04,0.2,0.6048,FALSE,-0.02,FALSE,"FALSE2013",-0.02
"130","SEO/HEO",3,"DCLG",2013,870,2500,0.348,1.044,0.6048,FALSE,-0.174,FALSE,"FALSE2013",-0.174
"131","AO/AA",1,"DCLG",2010,710,4930,0.144016227180527,0.144016227180527,0.550912778904665,FALSE,0.0720081135902637,TRUE,"TRUE2010",0.0720081135902637
"132","EO",2,"DCLG",2010,1230,4930,0.249492900608519,0.498985801217039,0.550912778904665,FALSE,0.12474645030426,TRUE,"TRUE2010",0.12474645030426
"133","G6/G7",4,"DCLG",2010,1160,4930,0.235294117647059,0.941176470588235,0.550912778904665,FALSE,0.117647058823529,TRUE,"TRUE2010",0.117647058823529
"134","SCS",5,"DCLG",2010,140,4930,0.0283975659229209,0.141987829614604,0.550912778904665,FALSE,0.0141987829614604,TRUE,"TRUE2010",0.0141987829614604
"135","SEO/HEO",3,"DCLG",2010,1690,4930,0.342799188640974,1.02839756592292,0.550912778904665,FALSE,0.171399594320487,TRUE,"TRUE2010",0.171399594320487
"136","AO/AA",1,"DCLG",2013,330,2500,0.132,0.132,0.6048,FALSE,0.066,TRUE,"TRUE2013",0.066
"137","EO",2,"DCLG",2013,380,2500,0.152,0.304,0.6048,FALSE,0.076,TRUE,"TRUE2013",0.076
"138","G6/G7",4,"DCLG",2013,840,2500,0.336,1.344,0.6048,FALSE,0.168,TRUE,"TRUE2013",0.168
"139","SCS",5,"DCLG",2013,100,2500,0.04,0.2,0.6048,FALSE,0.02,TRUE,"TRUE2013",0.02
"140","SEO/HEO",3,"DCLG",2013,870,2500,0.348,1.044,0.6048,FALSE,0.174,TRUE,"TRUE2013",0.174
"141","AO/AA",1,"FCO",2010,1940,11930,0.162615255658005,0.162615255658005,0.50896898575021,FALSE,-0.0813076278290025,FALSE,"FALSE2010",-0.0813076278290025
"142","EO",2,"FCO",2010,3570,11930,0.299245599329422,0.598491198658843,0.50896898575021,FALSE,-0.149622799664711,FALSE,"FALSE2010",-0.149622799664711
"143","G6/G7",4,"FCO",2010,1550,11930,0.129924559932942,0.519698239731769,0.50896898575021,FALSE,-0.0649622799664711,FALSE,"FALSE2010",-0.0649622799664711
"144","SCS",5,"FCO",2010,430,11930,0.0360435875943001,0.1802179379715,0.50896898575021,FALSE,-0.01802179379715,FALSE,"FALSE2010",-0.01802179379715
"145","SEO/HEO",3,"FCO",2010,4310,11930,0.36127409891031,1.08382229673093,0.50896898575021,FALSE,-0.180637049455155,FALSE,"FALSE2010",-0.180637049455155
"146","AO/AA",1,"FCO",2013,1570,11240,0.139679715302491,0.139679715302491,0.537188612099644,FALSE,-0.0698398576512455,FALSE,"FALSE2013",-0.0698398576512455
"147","EO",2,"FCO",2013,2990,11240,0.266014234875445,0.53202846975089,0.537188612099644,FALSE,-0.133007117437722,FALSE,"FALSE2013",-0.133007117437722
"148","G6/G7",4,"FCO",2013,1720,11240,0.153024911032028,0.612099644128114,0.537188612099644,FALSE,-0.0765124555160142,FALSE,"FALSE2013",-0.0765124555160142
"149","SCS",5,"FCO",2013,470,11240,0.0418149466192171,0.209074733096085,0.537188612099644,FALSE,-0.0209074733096085,FALSE,"FALSE2013",-0.0209074733096085
"150","SEO/HEO",3,"FCO",2013,4470,11240,0.397686832740214,1.19306049822064,0.537188612099644,FALSE,-0.198843416370107,FALSE,"FALSE2013",-0.198843416370107
"151","AO/AA",1,"FCO",2010,1940,11930,0.162615255658005,0.162615255658005,0.50896898575021,FALSE,0.0813076278290025,TRUE,"TRUE2010",0.0813076278290025
"152","EO",2,"FCO",2010,3570,11930,0.299245599329422,0.598491198658843,0.50896898575021,FALSE,0.149622799664711,TRUE,"TRUE2010",0.149622799664711
"153","G6/G7",4,"FCO",2010,1550,11930,0.129924559932942,0.519698239731769,0.50896898575021,FALSE,0.0649622799664711,TRUE,"TRUE2010",0.0649622799664711
"154","SCS",5,"FCO",2010,430,11930,0.0360435875943001,0.1802179379715,0.50896898575021,FALSE,0.01802179379715,TRUE,"TRUE2010",0.01802179379715
"155","SEO/HEO",3,"FCO",2010,4310,11930,0.36127409891031,1.08382229673093,0.50896898575021,FALSE,0.180637049455155,TRUE,"TRUE2010",0.180637049455155
"156","AO/AA",1,"FCO",2013,1570,11240,0.139679715302491,0.139679715302491,0.537188612099644,FALSE,0.0698398576512455,TRUE,"TRUE2013",0.0698398576512455
"157","EO",2,"FCO",2013,2990,11240,0.266014234875445,0.53202846975089,0.537188612099644,FALSE,0.133007117437722,TRUE,"TRUE2013",0.133007117437722
"158","G6/G7",4,"FCO",2013,1720,11240,0.153024911032028,0.612099644128114,0.537188612099644,FALSE,0.0765124555160142,TRUE,"TRUE2013",0.0765124555160142
"159","SCS",5,"FCO",2013,470,11240,0.0418149466192171,0.209074733096085,0.537188612099644,FALSE,0.0209074733096085,TRUE,"TRUE2013",0.0209074733096085
"160","SEO/HEO",3,"FCO",2013,4470,11240,0.397686832740214,1.19306049822064,0.537188612099644,FALSE,0.198843416370107,TRUE,"TRUE2013",0.198843416370107
"161","AO/AA",1,"BIS",2010,2700,10880,0.248161764705882,0.248161764705882,0.511580882352941,FALSE,-0.124080882352941,FALSE,"FALSE2010",-0.124080882352941
"162","EO",2,"BIS",2010,2120,10880,0.194852941176471,0.389705882352941,0.511580882352941,FALSE,-0.0974264705882353,FALSE,"FALSE2010",-0.0974264705882353
"163","G6/G7",4,"BIS",2010,2010,10880,0.184742647058824,0.738970588235294,0.511580882352941,FALSE,-0.0923713235294118,FALSE,"FALSE2010",-0.0923713235294118
"164","SCS",5,"BIS",2010,380,10880,0.0349264705882353,0.174632352941176,0.511580882352941,FALSE,-0.0174632352941176,FALSE,"FALSE2010",-0.0174632352941176
"165","SEO/HEO",3,"BIS",2010,3650,10880,0.335477941176471,1.00643382352941,0.511580882352941,FALSE,-0.167738970588235,FALSE,"FALSE2010",-0.167738970588235
"166","AO/AA",1,"BIS",2013,2390,18210,0.131246567819879,0.131246567819879,0.528830313014827,FALSE,-0.0656232839099396,FALSE,"FALSE2013",-0.0656232839099396
"167","EO",2,"BIS",2013,5400,18210,0.296540362438221,0.593080724876441,0.528830313014827,FALSE,-0.14827018121911,FALSE,"FALSE2013",-0.14827018121911
"168","G6/G7",4,"BIS",2013,2770,18210,0.152114222954421,0.608456891817683,0.528830313014827,FALSE,-0.0760571114772103,FALSE,"FALSE2013",-0.0760571114772103
"169","SCS",5,"BIS",2013,420,18210,0.0230642504118616,0.115321252059308,0.528830313014827,FALSE,-0.0115321252059308,FALSE,"FALSE2013",-0.0115321252059308
"170","SEO/HEO",3,"BIS",2013,7260,18210,0.398682042833608,1.19604612850082,0.528830313014827,FALSE,-0.199341021416804,FALSE,"FALSE2013",-0.199341021416804
"171","AO/AA",1,"BIS",2010,2700,10880,0.248161764705882,0.248161764705882,0.511580882352941,FALSE,0.124080882352941,TRUE,"TRUE2010",0.124080882352941
"172","EO",2,"BIS",2010,2120,10880,0.194852941176471,0.389705882352941,0.511580882352941,FALSE,0.0974264705882353,TRUE,"TRUE2010",0.0974264705882353
"173","G6/G7",4,"BIS",2010,2010,10880,0.184742647058824,0.738970588235294,0.511580882352941,FALSE,0.0923713235294118,TRUE,"TRUE2010",0.0923713235294118
"174","SCS",5,"BIS",2010,380,10880,0.0349264705882353,0.174632352941176,0.511580882352941,FALSE,0.0174632352941176,TRUE,"TRUE2010",0.0174632352941176
"175","SEO/HEO",3,"BIS",2010,3650,10880,0.335477941176471,1.00643382352941,0.511580882352941,FALSE,0.167738970588235,TRUE,"TRUE2010",0.167738970588235
"176","AO/AA",1,"BIS",2013,2390,18210,0.131246567819879,0.131246567819879,0.528830313014827,FALSE,0.0656232839099396,TRUE,"TRUE2013",0.0656232839099396
"177","EO",2,"BIS",2013,5400,18210,0.296540362438221,0.593080724876441,0.528830313014827,FALSE,0.14827018121911,TRUE,"TRUE2013",0.14827018121911
"178","G6/G7",4,"BIS",2013,2770,18210,0.152114222954421,0.608456891817683,0.528830313014827,FALSE,0.0760571114772103,TRUE,"TRUE2013",0.0760571114772103
"179","SCS",5,"BIS",2013,420,18210,0.0230642504118616,0.115321252059308,0.528830313014827,FALSE,0.0115321252059308,TRUE,"TRUE2013",0.0115321252059308
"180","SEO/HEO",3,"BIS",2013,7260,18210,0.398682042833608,1.19604612850082,0.528830313014827,FALSE,0.199341021416804,TRUE,"TRUE2013",0.199341021416804
"181","AO/AA",1,"HMT",2010,2150,6300,0.341269841269841,0.341269841269841,0.487936507936508,FALSE,-0.170634920634921,FALSE,"FALSE2010",-0.170634920634921
"182","EO",2,"HMT",2010,960,6300,0.152380952380952,0.304761904761905,0.487936507936508,FALSE,-0.0761904761904762,FALSE,"FALSE2010",-0.0761904761904762
"183","G6/G7",4,"HMT",2010,1100,6300,0.174603174603175,0.698412698412698,0.487936507936508,FALSE,-0.0873015873015873,FALSE,"FALSE2010",-0.0873015873015873
"184","SCS",5,"HMT",2010,270,6300,0.0428571428571429,0.214285714285714,0.487936507936508,FALSE,-0.0214285714285714,FALSE,"FALSE2010",-0.0214285714285714
"185","SEO/HEO",3,"HMT",2010,1850,6300,0.293650793650794,0.880952380952381,0.487936507936508,FALSE,-0.146825396825397,FALSE,"FALSE2010",-0.146825396825397
"186","AO/AA",1,"HMT",2013,1740,5300,0.328301886792453,0.328301886792453,0.484528301886792,FALSE,-0.164150943396226,FALSE,"FALSE2013",-0.164150943396226
"187","EO",2,"HMT",2013,790,5300,0.149056603773585,0.29811320754717,0.484528301886792,FALSE,-0.0745283018867925,FALSE,"FALSE2013",-0.0745283018867925
"188","G6/G7",4,"HMT",2013,860,5300,0.162264150943396,0.649056603773585,0.484528301886792,FALSE,-0.0811320754716981,FALSE,"FALSE2013",-0.0811320754716981
"189","SCS",5,"HMT",2013,190,5300,0.0358490566037736,0.179245283018868,0.484528301886792,FALSE,-0.0179245283018868,FALSE,"FALSE2013",-0.0179245283018868
"190","SEO/HEO",3,"HMT",2013,1710,5300,0.322641509433962,0.967924528301887,0.484528301886792,FALSE,-0.161320754716981,FALSE,"FALSE2013",-0.161320754716981
"191","AO/AA",1,"HMT",2010,2150,6300,0.341269841269841,0.341269841269841,0.487936507936508,FALSE,0.170634920634921,TRUE,"TRUE2010",0.170634920634921
"192","EO",2,"HMT",2010,960,6300,0.152380952380952,0.304761904761905,0.487936507936508,FALSE,0.0761904761904762,TRUE,"TRUE2010",0.0761904761904762
"193","G6/G7",4,"HMT",2010,1100,6300,0.174603174603175,0.698412698412698,0.487936507936508,FALSE,0.0873015873015873,TRUE,"TRUE2010",0.0873015873015873
"194","SCS",5,"HMT",2010,270,6300,0.0428571428571429,0.214285714285714,0.487936507936508,FALSE,0.0214285714285714,TRUE,"TRUE2010",0.0214285714285714
"195","SEO/HEO",3,"HMT",2010,1850,6300,0.293650793650794,0.880952380952381,0.487936507936508,FALSE,0.146825396825397,TRUE,"TRUE2010",0.146825396825397
"196","AO/AA",1,"HMT",2013,1740,5300,0.328301886792453,0.328301886792453,0.484528301886792,FALSE,0.164150943396226,TRUE,"TRUE2013",0.164150943396226
"197","EO",2,"HMT",2013,790,5300,0.149056603773585,0.29811320754717,0.484528301886792,FALSE,0.0745283018867925,TRUE,"TRUE2013",0.0745283018867925
"198","G6/G7",4,"HMT",2013,860,5300,0.162264150943396,0.649056603773585,0.484528301886792,FALSE,0.0811320754716981,TRUE,"TRUE2013",0.0811320754716981
"199","SCS",5,"HMT",2013,190,5300,0.0358490566037736,0.179245283018868,0.484528301886792,FALSE,0.0179245283018868,TRUE,"TRUE2013",0.0179245283018868
"200","SEO/HEO",3,"HMT",2013,1710,5300,0.322641509433962,0.967924528301887,0.484528301886792,FALSE,0.161320754716981,TRUE,"TRUE2013",0.161320754716981
"201","AO/AA",1,"Defra",2010,3900,10980,0.355191256830601,0.355191256830601,0.445719489981785,FALSE,-0.177595628415301,FALSE,"FALSE2010",-0.177595628415301
"202","EO",2,"Defra",2010,2540,10980,0.231329690346084,0.462659380692168,0.445719489981785,FALSE,-0.115664845173042,FALSE,"FALSE2010",-0.115664845173042
"203","G6/G7",4,"Defra",2010,1430,10980,0.13023679417122,0.520947176684882,0.445719489981785,FALSE,-0.0651183970856102,FALSE,"FALSE2010",-0.0651183970856102
"204","SCS",5,"Defra",2010,190,10980,0.017304189435337,0.0865209471766849,0.445719489981785,FALSE,-0.00865209471766849,FALSE,"FALSE2010",-0.00865209471766849
"205","SEO/HEO",3,"Defra",2010,2940,10980,0.26775956284153,0.80327868852459,0.445719489981785,FALSE,-0.133879781420765,FALSE,"FALSE2010",-0.133879781420765
"206","AO/AA",1,"Defra",2013,2580,8640,0.298611111111111,0.298611111111111,0.471990740740741,FALSE,-0.149305555555556,FALSE,"FALSE2013",-0.149305555555556
"207","EO",2,"Defra",2013,2030,8640,0.234953703703704,0.469907407407407,0.471990740740741,FALSE,-0.117476851851852,FALSE,"FALSE2013",-0.117476851851852
"208","G6/G7",4,"Defra",2013,1270,8640,0.146990740740741,0.587962962962963,0.471990740740741,FALSE,-0.0734953703703704,FALSE,"FALSE2013",-0.0734953703703704
"209","SCS",5,"Defra",2013,150,8640,0.0173611111111111,0.0868055555555556,0.471990740740741,FALSE,-0.00868055555555556,FALSE,"FALSE2013",-0.00868055555555556
"210","SEO/HEO",3,"Defra",2013,2640,8640,0.305555555555556,0.916666666666667,0.471990740740741,FALSE,-0.152777777777778,FALSE,"FALSE2013",-0.152777777777778
"211","AO/AA",1,"Defra",2010,3900,10980,0.355191256830601,0.355191256830601,0.445719489981785,FALSE,0.177595628415301,TRUE,"TRUE2010",0.177595628415301
"212","EO",2,"Defra",2010,2540,10980,0.231329690346084,0.462659380692168,0.445719489981785,FALSE,0.115664845173042,TRUE,"TRUE2010",0.115664845173042
"213","G6/G7",4,"Defra",2010,1430,10980,0.13023679417122,0.520947176684882,0.445719489981785,FALSE,0.0651183970856102,TRUE,"TRUE2010",0.0651183970856102
"214","SCS",5,"Defra",2010,190,10980,0.017304189435337,0.0865209471766849,0.445719489981785,FALSE,0.00865209471766849,TRUE,"TRUE2010",0.00865209471766849
"215","SEO/HEO",3,"Defra",2010,2940,10980,0.26775956284153,0.80327868852459,0.445719489981785,FALSE,0.133879781420765,TRUE,"TRUE2010",0.133879781420765
"216","AO/AA",1,"Defra",2013,2580,8640,0.298611111111111,0.298611111111111,0.471990740740741,FALSE,0.149305555555556,TRUE,"TRUE2013",0.149305555555556
"217","EO",2,"Defra",2013,2030,8640,0.234953703703704,0.469907407407407,0.471990740740741,FALSE,0.117476851851852,TRUE,"TRUE2013",0.117476851851852
"218","G6/G7",4,"Defra",2013,1270,8640,0.146990740740741,0.587962962962963,0.471990740740741,FALSE,0.0734953703703704,TRUE,"TRUE2013",0.0734953703703704
"219","SCS",5,"Defra",2013,150,8640,0.0173611111111111,0.0868055555555556,0.471990740740741,FALSE,0.00868055555555556,TRUE,"TRUE2013",0.00868055555555556
"220","SEO/HEO",3,"Defra",2013,2640,8640,0.305555555555556,0.916666666666667,0.471990740740741,FALSE,0.152777777777778,TRUE,"TRUE2013",0.152777777777778
"221","AO/AA",1,"HO",2010,9400,27030,0.347761746207917,0.347761746207917,0.40976692563818,FALSE,-0.173880873103959,FALSE,"FALSE2010",-0.173880873103959
"222","EO",2,"HO",2010,9350,27030,0.345911949685535,0.691823899371069,0.40976692563818,FALSE,-0.172955974842767,FALSE,"FALSE2010",-0.172955974842767
"223","G6/G7",4,"HO",2010,1780,27030,0.0658527561968184,0.263411024787273,0.40976692563818,FALSE,-0.0329263780984092,FALSE,"FALSE2010",-0.0329263780984092
"224","SCS",5,"HO",2010,270,27030,0.00998890122086571,0.0499445061043285,0.40976692563818,FALSE,-0.00499445061043285,FALSE,"FALSE2010",-0.00499445061043285
"225","SEO/HEO",3,"HO",2010,6270,27030,0.23196448390677,0.695893451720311,0.40976692563818,FALSE,-0.115982241953385,FALSE,"FALSE2010",-0.115982241953385
"226","AO/AA",1,"HO",2013,8070,26470,0.304873441632036,0.304873441632036,0.41609369097091,FALSE,-0.152436720816018,FALSE,"FALSE2013",-0.152436720816018
"227","EO",2,"HO",2013,10390,26470,0.392519833774084,0.785039667548168,0.41609369097091,FALSE,-0.196259916887042,FALSE,"FALSE2013",-0.196259916887042
"228","G6/G7",4,"HO",2013,1790,26470,0.067623724971666,0.270494899886664,0.41609369097091,FALSE,-0.033811862485833,FALSE,"FALSE2013",-0.033811862485833
"229","SCS",5,"HO",2013,200,26470,0.00755572346052135,0.0377786173026067,0.41609369097091,FALSE,-0.00377786173026067,FALSE,"FALSE2013",-0.00377786173026067
"230","SEO/HEO",3,"HO",2013,6020,26470,0.227427276161692,0.682281828485077,0.41609369097091,FALSE,-0.113713638080846,FALSE,"FALSE2013",-0.113713638080846
"231","AO/AA",1,"HO",2010,9400,27030,0.347761746207917,0.347761746207917,0.40976692563818,FALSE,0.173880873103959,TRUE,"TRUE2010",0.173880873103959
"232","EO",2,"HO",2010,9350,27030,0.345911949685535,0.691823899371069,0.40976692563818,FALSE,0.172955974842767,TRUE,"TRUE2010",0.172955974842767
"233","G6/G7",4,"HO",2010,1780,27030,0.0658527561968184,0.263411024787273,0.40976692563818,FALSE,0.0329263780984092,TRUE,"TRUE2010",0.0329263780984092
"234","SCS",5,"HO",2010,270,27030,0.00998890122086571,0.0499445061043285,0.40976692563818,FALSE,0.00499445061043285,TRUE,"TRUE2010",0.00499445061043285
"235","SEO/HEO",3,"HO",2010,6270,27030,0.23196448390677,0.695893451720311,0.40976692563818,FALSE,0.115982241953385,TRUE,"TRUE2010",0.115982241953385
"236","AO/AA",1,"HO",2013,8070,26470,0.304873441632036,0.304873441632036,0.41609369097091,FALSE,0.152436720816018,TRUE,"TRUE2013",0.152436720816018
"237","EO",2,"HO",2013,10390,26470,0.392519833774084,0.785039667548168,0.41609369097091,FALSE,0.196259916887042,TRUE,"TRUE2013",0.196259916887042
"238","G6/G7",4,"HO",2013,1790,26470,0.067623724971666,0.270494899886664,0.41609369097091,FALSE,0.033811862485833,TRUE,"TRUE2013",0.033811862485833
"239","SCS",5,"HO",2013,200,26470,0.00755572346052135,0.0377786173026067,0.41609369097091,FALSE,0.00377786173026067,TRUE,"TRUE2013",0.00377786173026067
"240","SEO/HEO",3,"HO",2013,6020,26470,0.227427276161692,0.682281828485077,0.41609369097091,FALSE,0.113713638080846,TRUE,"TRUE2013",0.113713638080846
"241","AO/AA",1,"DfT",2010,7730,19620,0.393985728848114,0.393985728848114,0.398470948012232,FALSE,-0.196992864424057,FALSE,"FALSE2010",-0.196992864424057
"242","EO",2,"DfT",2010,6280,19620,0.320081549439348,0.640163098878695,0.398470948012232,FALSE,-0.160040774719674,FALSE,"FALSE2010",-0.160040774719674
"243","G6/G7",4,"DfT",2010,1510,19620,0.0769622833843017,0.307849133537207,0.398470948012232,FALSE,-0.0384811416921509,FALSE,"FALSE2010",-0.0384811416921509
"244","SCS",5,"DfT",2010,230,19620,0.0117227319062181,0.0586136595310907,0.398470948012232,FALSE,-0.00586136595310907,FALSE,"FALSE2010",-0.00586136595310907
"245","SEO/HEO",3,"DfT",2010,3870,19620,0.197247706422018,0.591743119266055,0.398470948012232,FALSE,-0.0986238532110092,FALSE,"FALSE2010",-0.0986238532110092
"246","AO/AA",1,"DfT",2013,8050,17880,0.450223713646532,0.450223713646532,0.38993288590604,FALSE,-0.225111856823266,FALSE,"FALSE2013",-0.225111856823266
"247","EO",2,"DfT",2013,4510,17880,0.252237136465324,0.504474272930649,0.38993288590604,FALSE,-0.126118568232662,FALSE,"FALSE2013",-0.126118568232662
"248","G6/G7",4,"DfT",2013,1400,17880,0.0782997762863535,0.313199105145414,0.38993288590604,FALSE,-0.0391498881431767,FALSE,"FALSE2013",-0.0391498881431767
"249","SCS",5,"DfT",2013,200,17880,0.0111856823266219,0.0559284116331096,0.38993288590604,FALSE,-0.00559284116331096,FALSE,"FALSE2013",-0.00559284116331096
"250","SEO/HEO",3,"DfT",2013,3730,17880,0.208612975391499,0.625838926174497,0.38993288590604,FALSE,-0.104306487695749,FALSE,"FALSE2013",-0.104306487695749
"251","AO/AA",1,"DfT",2010,7730,19620,0.393985728848114,0.393985728848114,0.398470948012232,FALSE,0.196992864424057,TRUE,"TRUE2010",0.196992864424057
"252","EO",2,"DfT",2010,6280,19620,0.320081549439348,0.640163098878695,0.398470948012232,FALSE,0.160040774719674,TRUE,"TRUE2010",0.160040774719674
"253","G6/G7",4,"DfT",2010,1510,19620,0.0769622833843017,0.307849133537207,0.398470948012232,FALSE,0.0384811416921509,TRUE,"TRUE2010",0.0384811416921509
"254","SCS",5,"DfT",2010,230,19620,0.0117227319062181,0.0586136595310907,0.398470948012232,FALSE,0.00586136595310907,TRUE,"TRUE2010",0.00586136595310907
"255","SEO/HEO",3,"DfT",2010,3870,19620,0.197247706422018,0.591743119266055,0.398470948012232,FALSE,0.0986238532110092,TRUE,"TRUE2010",0.0986238532110092
"256","AO/AA",1,"DfT",2013,8050,17880,0.450223713646532,0.450223713646532,0.38993288590604,FALSE,0.225111856823266,TRUE,"TRUE2013",0.225111856823266
"257","EO",2,"DfT",2013,4510,17880,0.252237136465324,0.504474272930649,0.38993288590604,FALSE,0.126118568232662,TRUE,"TRUE2013",0.126118568232662
"258","G6/G7",4,"DfT",2013,1400,17880,0.0782997762863535,0.313199105145414,0.38993288590604,FALSE,0.0391498881431767,TRUE,"TRUE2013",0.0391498881431767
"259","SCS",5,"DfT",2013,200,17880,0.0111856823266219,0.0559284116331096,0.38993288590604,FALSE,0.00559284116331096,TRUE,"TRUE2013",0.00559284116331096
"260","SEO/HEO",3,"DfT",2013,3730,17880,0.208612975391499,0.625838926174497,0.38993288590604,FALSE,0.104306487695749,TRUE,"TRUE2013",0.104306487695749
"261","AO/AA",1,"Whole Civil Service",2010,245790,527480,0.465970273754455,0.465970273754455,0.37737165390157,TRUE,-0.232985136877228,FALSE,"FALSE2010",-0.232985136877228
"262","EO",2,"Whole Civil Service",2010,133980,527480,0.254000151664518,0.508000303329036,0.37737165390157,TRUE,-0.127000075832259,FALSE,"FALSE2010",-0.127000075832259
"263","G6/G7",4,"Whole Civil Service",2010,36630,527480,0.0694433912186244,0.277773564874498,0.37737165390157,TRUE,-0.0347216956093122,FALSE,"FALSE2010",-0.0347216956093122
"264","SCS",5,"Whole Civil Service",2010,5070,527480,0.00961173883369986,0.0480586941684993,0.37737165390157,TRUE,-0.00480586941684993,FALSE,"FALSE2010",-0.00480586941684993
"265","SEO/HEO",3,"Whole Civil Service",2010,103220,527480,0.195685144460453,0.58705543338136,0.37737165390157,TRUE,-0.0978425722302267,FALSE,"FALSE2010",-0.0978425722302267
"266","AO/AA",1,"Whole Civil Service",2013,197510,448840,0.440045450494608,0.440045450494608,0.388392300151502,TRUE,-0.220022725247304,FALSE,"FALSE2013",-0.220022725247304
"267","EO",2,"Whole Civil Service",2013,116230,448840,0.258956420996346,0.517912841992692,0.388392300151502,TRUE,-0.129478210498173,FALSE,"FALSE2013",-0.129478210498173
"268","G6/G7",4,"Whole Civil Service",2013,35030,448840,0.0780456287318421,0.312182514927368,0.388392300151502,TRUE,-0.039022814365921,FALSE,"FALSE2013",-0.039022814365921
"269","SCS",5,"Whole Civil Service",2013,4340,448840,0.00966936993137867,0.0483468496568933,0.388392300151502,TRUE,-0.00483468496568933,FALSE,"FALSE2013",-0.00483468496568933
"270","SEO/HEO",3,"Whole Civil Service",2013,93280,448840,0.207824614561982,0.623473843685946,0.388392300151502,TRUE,-0.103912307280991,FALSE,"FALSE2013",-0.103912307280991
"271","AO/AA",1,"Whole Civil Service",2010,245790,527480,0.465970273754455,0.465970273754455,0.37737165390157,TRUE,0.232985136877228,TRUE,"TRUE2010",0.232985136877228
"272","EO",2,"Whole Civil Service",2010,133980,527480,0.254000151664518,0.508000303329036,0.37737165390157,TRUE,0.127000075832259,TRUE,"TRUE2010",0.127000075832259
"273","G6/G7",4,"Whole Civil Service",2010,36630,527480,0.0694433912186244,0.277773564874498,0.37737165390157,TRUE,0.0347216956093122,TRUE,"TRUE2010",0.0347216956093122
"274","SCS",5,"Whole Civil Service",2010,5070,527480,0.00961173883369986,0.0480586941684993,0.37737165390157,TRUE,0.00480586941684993,TRUE,"TRUE2010",0.00480586941684993
"275","SEO/HEO",3,"Whole Civil Service",2010,103220,527480,0.195685144460453,0.58705543338136,0.37737165390157,TRUE,0.0978425722302267,TRUE,"TRUE2010",0.0978425722302267
"276","AO/AA",1,"Whole Civil Service",2013,197510,448840,0.440045450494608,0.440045450494608,0.388392300151502,TRUE,0.220022725247304,TRUE,"TRUE2013",0.220022725247304
"277","EO",2,"Whole Civil Service",2013,116230,448840,0.258956420996346,0.517912841992692,0.388392300151502,TRUE,0.129478210498173,TRUE,"TRUE2013",0.129478210498173
"278","G6/G7",4,"Whole Civil Service",2013,35030,448840,0.0780456287318421,0.312182514927368,0.388392300151502,TRUE,0.039022814365921,TRUE,"TRUE2013",0.039022814365921
"279","SCS",5,"Whole Civil Service",2013,4340,448840,0.00966936993137867,0.0483468496568933,0.388392300151502,TRUE,0.00483468496568933,TRUE,"TRUE2013",0.00483468496568933
"280","SEO/HEO",3,"Whole Civil Service",2013,93280,448840,0.207824614561982,0.623473843685946,0.388392300151502,TRUE,0.103912307280991,TRUE,"TRUE2013",0.103912307280991
"281","AO/AA",1,"MoD",2010,36050,77650,0.464262717321314,0.464262717321314,0.371564713457824,FALSE,-0.232131358660657,FALSE,"FALSE2010",-0.232131358660657
"282","EO",2,"MoD",2010,13740,77650,0.176947842884739,0.353895685769478,0.371564713457824,FALSE,-0.0884739214423696,FALSE,"FALSE2010",-0.0884739214423696
"283","G6/G7",4,"MoD",2010,4300,77650,0.0553766902768835,0.221506761107534,0.371564713457824,FALSE,-0.0276883451384417,FALSE,"FALSE2010",-0.0276883451384417
"284","SCS",5,"MoD",2010,340,77650,0.00437862202189311,0.0218931101094656,0.371564713457824,FALSE,-0.00218931101094656,FALSE,"FALSE2010",-0.00218931101094656
"285","SEO/HEO",3,"MoD",2010,20610,77650,0.265421764327109,0.796265292981327,0.371564713457824,FALSE,-0.132710882163554,FALSE,"FALSE2010",-0.132710882163554
"286","AO/AA",1,"MoD",2013,24220,58440,0.414442162902122,0.414442162902122,0.393497604380561,FALSE,-0.207221081451061,FALSE,"FALSE2013",-0.207221081451061
"287","EO",2,"MoD",2013,10480,58440,0.179329226557153,0.358658453114305,0.393497604380561,FALSE,-0.0896646132785763,FALSE,"FALSE2013",-0.0896646132785763
"288","G6/G7",4,"MoD",2013,3850,58440,0.0658795345653662,0.263518138261465,0.393497604380561,FALSE,-0.0329397672826831,FALSE,"FALSE2013",-0.0329397672826831
"289","SCS",5,"MoD",2013,260,58440,0.00444900752908966,0.0222450376454483,0.393497604380561,FALSE,-0.00222450376454483,FALSE,"FALSE2013",-0.00222450376454483
"290","SEO/HEO",3,"MoD",2013,17700,58440,0.302874743326489,0.908624229979466,0.393497604380561,FALSE,-0.151437371663244,FALSE,"FALSE2013",-0.151437371663244
"291","AO/AA",1,"MoD",2010,36050,77650,0.464262717321314,0.464262717321314,0.371564713457824,FALSE,0.232131358660657,TRUE,"TRUE2010",0.232131358660657
"292","EO",2,"MoD",2010,13740,77650,0.176947842884739,0.353895685769478,0.371564713457824,FALSE,0.0884739214423696,TRUE,"TRUE2010",0.0884739214423696
"293","G6/G7",4,"MoD",2010,4300,77650,0.0553766902768835,0.221506761107534,0.371564713457824,FALSE,0.0276883451384417,TRUE,"TRUE2010",0.0276883451384417
"294","SCS",5,"MoD",2010,340,77650,0.00437862202189311,0.0218931101094656,0.371564713457824,FALSE,0.00218931101094656,TRUE,"TRUE2010",0.00218931101094656
"295","SEO/HEO",3,"MoD",2010,20610,77650,0.265421764327109,0.796265292981327,0.371564713457824,FALSE,0.132710882163554,TRUE,"TRUE2010",0.132710882163554
"296","AO/AA",1,"MoD",2013,24220,58440,0.414442162902122,0.414442162902122,0.393497604380561,FALSE,0.207221081451061,TRUE,"TRUE2013",0.207221081451061
"297","EO",2,"MoD",2013,10480,58440,0.179329226557153,0.358658453114305,0.393497604380561,FALSE,0.0896646132785763,TRUE,"TRUE2013",0.0896646132785763
"298","G6/G7",4,"MoD",2013,3850,58440,0.0658795345653662,0.263518138261465,0.393497604380561,FALSE,0.0329397672826831,TRUE,"TRUE2013",0.0329397672826831
"299","SCS",5,"MoD",2013,260,58440,0.00444900752908966,0.0222450376454483,0.393497604380561,FALSE,0.00222450376454483,TRUE,"TRUE2013",0.00222450376454483
"300","SEO/HEO",3,"MoD",2013,17700,58440,0.302874743326489,0.908624229979466,0.393497604380561,FALSE,0.151437371663244,TRUE,"TRUE2013",0.151437371663244
"301","AO/AA",1,"HMRC",2010,45000,87350,0.515168860904408,0.515168860904408,0.35615340583858,FALSE,-0.257584430452204,FALSE,"FALSE2010",-0.257584430452204
"302","EO",2,"HMRC",2010,21520,87350,0.246365197481397,0.492730394962793,0.35615340583858,FALSE,-0.123182598740698,FALSE,"FALSE2010",-0.123182598740698
"303","G6/G7",4,"HMRC",2010,4150,87350,0.0475100171722954,0.190040068689181,0.35615340583858,FALSE,-0.0237550085861477,FALSE,"FALSE2010",-0.0237550085861477
"304","SCS",5,"HMRC",2010,420,87350,0.00480824270177447,0.0240412135088724,0.35615340583858,FALSE,-0.00240412135088724,FALSE,"FALSE2010",-0.00240412135088724
"305","SEO/HEO",3,"HMRC",2010,16270,87350,0.186262163709216,0.558786491127647,0.35615340583858,FALSE,-0.0931310818546079,FALSE,"FALSE2010",-0.0931310818546079
"306","AO/AA",1,"HMRC",2013,40090,76690,0.522753944451689,0.522753944451689,0.355535271873778,FALSE,-0.261376972225844,FALSE,"FALSE2013",-0.261376972225844
"307","EO",2,"HMRC",2013,17020,76690,0.221932455339679,0.443864910679358,0.355535271873778,FALSE,-0.11096622766984,FALSE,"FALSE2013",-0.11096622766984
"308","G6/G7",4,"HMRC",2013,4270,76690,0.0556787064806363,0.222714825922545,0.355535271873778,FALSE,-0.0278393532403182,FALSE,"FALSE2013",-0.0278393532403182
"309","SCS",5,"HMRC",2013,330,76690,0.00430303820576346,0.0215151910288173,0.355535271873778,FALSE,-0.00215151910288173,FALSE,"FALSE2013",-0.00215151910288173
"310","SEO/HEO",3,"HMRC",2013,14490,76690,0.188942495762159,0.566827487286478,0.355535271873778,FALSE,-0.0944712478810797,FALSE,"FALSE2013",-0.0944712478810797
"311","AO/AA",1,"HMRC",2010,45000,87350,0.515168860904408,0.515168860904408,0.35615340583858,FALSE,0.257584430452204,TRUE,"TRUE2010",0.257584430452204
"312","EO",2,"HMRC",2010,21520,87350,0.246365197481397,0.492730394962793,0.35615340583858,FALSE,0.123182598740698,TRUE,"TRUE2010",0.123182598740698
"313","G6/G7",4,"HMRC",2010,4150,87350,0.0475100171722954,0.190040068689181,0.35615340583858,FALSE,0.0237550085861477,TRUE,"TRUE2010",0.0237550085861477
"314","SCS",5,"HMRC",2010,420,87350,0.00480824270177447,0.0240412135088724,0.35615340583858,FALSE,0.00240412135088724,TRUE,"TRUE2010",0.00240412135088724
"315","SEO/HEO",3,"HMRC",2010,16270,87350,0.186262163709216,0.558786491127647,0.35615340583858,FALSE,0.0931310818546079,TRUE,"TRUE2010",0.0931310818546079
"316","AO/AA",1,"HMRC",2013,40090,76690,0.522753944451689,0.522753944451689,0.355535271873778,FALSE,0.261376972225844,TRUE,"TRUE2013",0.261376972225844
"317","EO",2,"HMRC",2013,17020,76690,0.221932455339679,0.443864910679358,0.355535271873778,FALSE,0.11096622766984,TRUE,"TRUE2013",0.11096622766984
"318","G6/G7",4,"HMRC",2013,4270,76690,0.0556787064806363,0.222714825922545,0.355535271873778,FALSE,0.0278393532403182,TRUE,"TRUE2013",0.0278393532403182
"319","SCS",5,"HMRC",2013,330,76690,0.00430303820576346,0.0215151910288173,0.355535271873778,FALSE,0.00215151910288173,TRUE,"TRUE2013",0.00215151910288173
"320","SEO/HEO",3,"HMRC",2013,14490,76690,0.188942495762159,0.566827487286478,0.355535271873778,FALSE,0.0944712478810797,TRUE,"TRUE2013",0.0944712478810797
"321","AO/AA",1,"DWP",2010,65200,133520,0.48831635710006,0.48831635710006,0.337582384661474,FALSE,-0.24415817855003,FALSE,"FALSE2010",-0.24415817855003
"322","EO",2,"DWP",2010,49150,133520,0.368109646494907,0.736219292989814,0.337582384661474,FALSE,-0.184054823247454,FALSE,"FALSE2010",-0.184054823247454
"323","G6/G7",4,"DWP",2010,3590,133520,0.0268873576992211,0.107549430796884,0.337582384661474,FALSE,-0.0134436788496105,FALSE,"FALSE2010",-0.0134436788496105
"324","SCS",5,"DWP",2010,400,133520,0.00299580587177951,0.0149790293588975,0.337582384661474,FALSE,-0.00149790293588975,FALSE,"FALSE2010",-0.00149790293588975
"325","SEO/HEO",3,"DWP",2010,15170,133520,0.113615937687238,0.340847813061714,0.337582384661474,FALSE,-0.0568079688436189,FALSE,"FALSE2010",-0.0568079688436189
"326","AO/AA",1,"DWP",2013,50900,108290,0.470034167513159,0.470034167513159,0.340382306768861,FALSE,-0.23501708375658,FALSE,"FALSE2013",-0.23501708375658
"327","EO",2,"DWP",2013,42170,108290,0.389417305383692,0.778834610767384,0.340382306768861,FALSE,-0.194708652691846,FALSE,"FALSE2013",-0.194708652691846
"328","G6/G7",4,"DWP",2013,2840,108290,0.0262258749653708,0.104903499861483,0.340382306768861,FALSE,-0.0131129374826854,FALSE,"FALSE2013",-0.0131129374826854
"329","SCS",5,"DWP",2013,280,108290,0.00258564964447317,0.0129282482223659,0.340382306768861,FALSE,-0.00129282482223659,FALSE,"FALSE2013",-0.00129282482223659
"330","SEO/HEO",3,"DWP",2013,12100,108290,0.111737002493305,0.335211007479915,0.340382306768861,FALSE,-0.0558685012466525,FALSE,"FALSE2013",-0.0558685012466525
"331","AO/AA",1,"DWP",2010,65200,133520,0.48831635710006,0.48831635710006,0.337582384661474,FALSE,0.24415817855003,TRUE,"TRUE2010",0.24415817855003
"332","EO",2,"DWP",2010,49150,133520,0.368109646494907,0.736219292989814,0.337582384661474,FALSE,0.184054823247454,TRUE,"TRUE2010",0.184054823247454
"333","G6/G7",4,"DWP",2010,3590,133520,0.0268873576992211,0.107549430796884,0.337582384661474,FALSE,0.0134436788496105,TRUE,"TRUE2010",0.0134436788496105
"334","SCS",5,"DWP",2010,400,133520,0.00299580587177951,0.0149790293588975,0.337582384661474,FALSE,0.00149790293588975,TRUE,"TRUE2010",0.00149790293588975
"335","SEO/HEO",3,"DWP",2010,15170,133520,0.113615937687238,0.340847813061714,0.337582384661474,FALSE,0.0568079688436189,TRUE,"TRUE2010",0.0568079688436189
"336","AO/AA",1,"DWP",2013,50900,108290,0.470034167513159,0.470034167513159,0.340382306768861,FALSE,0.23501708375658,TRUE,"TRUE2013",0.23501708375658
"337","EO",2,"DWP",2013,42170,108290,0.389417305383692,0.778834610767384,0.340382306768861,FALSE,0.194708652691846,TRUE,"TRUE2013",0.194708652691846
"338","G6/G7",4,"DWP",2013,2840,108290,0.0262258749653708,0.104903499861483,0.340382306768861,FALSE,0.0131129374826854,TRUE,"TRUE2013",0.0131129374826854
"339","SCS",5,"DWP",2013,280,108290,0.00258564964447317,0.0129282482223659,0.340382306768861,FALSE,0.00129282482223659,TRUE,"TRUE2013",0.00129282482223659
"340","SEO/HEO",3,"DWP",2013,12100,108290,0.111737002493305,0.335211007479915,0.340382306768861,FALSE,0.0558685012466525,TRUE,"TRUE2013",0.0558685012466525
"341","AO/AA",1,"MoJ",2010,58640,85550,0.685447106954997,0.685447106954997,0.305037989479836,FALSE,-0.342723553477499,FALSE,"FALSE2010",-0.342723553477499
"342","EO",2,"MoJ",2010,12260,85550,0.143308007013442,0.286616014026885,0.305037989479836,FALSE,-0.0716540035067212,FALSE,"FALSE2010",-0.0716540035067212
"343","G6/G7",4,"MoJ",2010,2830,85550,0.0330800701344243,0.132320280537697,0.305037989479836,FALSE,-0.0165400350672122,FALSE,"FALSE2010",-0.0165400350672122
"344","SCS",5,"MoJ",2010,300,85550,0.00350672121566335,0.0175336060783168,0.305037989479836,FALSE,-0.00175336060783168,FALSE,"FALSE2010",-0.00175336060783168
"345","SEO/HEO",3,"MoJ",2010,11500,85550,0.134424313267095,0.403272939801286,0.305037989479836,FALSE,-0.0672121566335476,FALSE,"FALSE2010",-0.0672121566335476
"346","AO/AA",1,"MoJ",2013,47000,67950,0.69168506254599,0.69168506254599,0.301221486387049,FALSE,-0.345842531272995,FALSE,"FALSE2013",-0.345842531272995
"347","EO",2,"MoJ",2013,10200,67950,0.150110375275938,0.300220750551876,0.301221486387049,FALSE,-0.0750551876379691,FALSE,"FALSE2013",-0.0750551876379691
"348","G6/G7",4,"MoJ",2013,2100,67950,0.0309050772626932,0.123620309050773,0.301221486387049,FALSE,-0.0154525386313466,FALSE,"FALSE2013",-0.0154525386313466
"349","SCS",5,"MoJ",2013,220,67950,0.00323767476085357,0.0161883738042678,0.301221486387049,FALSE,-0.00161883738042678,FALSE,"FALSE2013",-0.00161883738042678
"350","SEO/HEO",3,"MoJ",2013,8480,67950,0.124797645327447,0.37439293598234,0.301221486387049,FALSE,-0.0623988226637233,FALSE,"FALSE2013",-0.0623988226637233
"351","AO/AA",1,"MoJ",2010,58640,85550,0.685447106954997,0.685447106954997,0.305037989479836,FALSE,0.342723553477499,TRUE,"TRUE2010",0.342723553477499
"352","EO",2,"MoJ",2010,12260,85550,0.143308007013442,0.286616014026885,0.305037989479836,FALSE,0.0716540035067212,TRUE,"TRUE2010",0.0716540035067212
"353","G6/G7",4,"MoJ",2010,2830,85550,0.0330800701344243,0.132320280537697,0.305037989479836,FALSE,0.0165400350672122,TRUE,"TRUE2010",0.0165400350672122
"354","SCS",5,"MoJ",2010,300,85550,0.00350672121566335,0.0175336060783168,0.305037989479836,FALSE,0.00175336060783168,TRUE,"TRUE2010",0.00175336060783168
"355","SEO/HEO",3,"MoJ",2010,11500,85550,0.134424313267095,0.403272939801286,0.305037989479836,FALSE,0.0672121566335476,TRUE,"TRUE2010",0.0672121566335476
"356","AO/AA",1,"MoJ",2013,47000,67950,0.69168506254599,0.69168506254599,0.301221486387049,FALSE,0.345842531272995,TRUE,"TRUE2013",0.345842531272995
"357","EO",2,"MoJ",2013,10200,67950,0.150110375275938,0.300220750551876,0.301221486387049,FALSE,0.0750551876379691,TRUE,"TRUE2013",0.0750551876379691
"358","G6/G7",4,"MoJ",2013,2100,67950,0.0309050772626932,0.123620309050773,0.301221486387049,FALSE,0.0154525386313466,TRUE,"TRUE2013",0.0154525386313466
"359","SCS",5,"MoJ",2013,220,67950,0.00323767476085357,0.0161883738042678,0.301221486387049,FALSE,0.00161883738042678,TRUE,"TRUE2013",0.00161883738042678
"360","SEO/HEO",3,"MoJ",2013,8480,67950,0.124797645327447,0.37439293598234,0.301221486387049,FALSE,0.0623988226637233,TRUE,"TRUE2013",0.0623988226637233
